model,prompt_id,pair_index,true_label,probe_margin,prediction
Qwen2.5-0.5B-Instruct,jbb000,32,0,8.066659287219926,1
Qwen2.5-0.5B-Instruct,jbb001,15,1,25.291076310535605,1
Qwen2.5-0.5B-Instruct,jbb002,20,0,5.34984956979508,1
Qwen2.5-0.5B-Instruct,jbb003,79,0,7.705391116333469,1
Qwen2.5-0.5B-Instruct,jbb004,87,0,-1.4132944565855468,0
Qwen2.5-0.5B-Instruct,jbb005,93,0,3.3456804022127486,1
Qwen2.5-0.5B-Instruct,jbb006,36,0,-5.775005433188813,0
Qwen2.5-0.5B-Instruct,jbb007,96,0,3.7569276835657077,1
Qwen2.5-0.5B-Instruct,jbb008,16,1,19.52875155118879,1
Qwen2.5-0.5B-Instruct,jbb009,70,0,-7.1106687848312715,0
Qwen2.5-0.5B-Instruct,jbb010,21,1,7.886916578785056,1
Qwen2.5-0.5B-Instruct,jbb011,90,1,27.07822449281997,1
Qwen2.5-0.5B-Instruct,jbb012,67,0,-1.4914516582946549,0
Qwen2.5-0.5B-Instruct,jbb013,91,0,-33.09606380025092,0
Qwen2.5-0.5B-Instruct,jbb014,78,1,24.488060643705975,1
Qwen2.5-0.5B-Instruct,jbb015,66,0,6.115490886346354,1
Qwen2.5-0.5B-Instruct,jbb016,11,0,1.7879187027151366,1
Qwen2.5-0.5B-Instruct,jbb017,69,0,3.272049119263721,1
Qwen2.5-0.5B-Instruct,jbb018,64,1,30.99099434412942,1
Qwen2.5-0.5B-Instruct,jbb019,86,0,-9.950548483748785,0
Qwen2.5-0.5B-Instruct,jbb020,14,1,19.148119637634846,1
Qwen2.5-0.5B-Instruct,jbb021,71,1,-0.4517309445417782,0
Qwen2.5-0.5B-Instruct,jbb022,4,1,20.286721676353633,1
Qwen2.5-0.5B-Instruct,jbb023,15,0,9.330771411841026,1
Qwen2.5-0.5B-Instruct,jbb024,68,0,-33.09935639607052,0
Qwen2.5-0.5B-Instruct,jbb025,19,0,10.23803971079998,1
Qwen2.5-0.5B-Instruct,jbb026,59,1,1.3082257539884536,1
Qwen2.5-0.5B-Instruct,jbb027,31,1,24.445580273872398,1
Qwen2.5-0.5B-Instruct,jbb028,87,1,24.494626389020997,1
Qwen2.5-0.5B-Instruct,jbb029,52,1,14.848867661291,1
Qwen2.5-0.5B-Instruct,jbb030,93,1,14.539653830231368,1
Qwen2.5-0.5B-Instruct,jbb031,80,1,15.692637872850733,1
Qwen2.5-0.5B-Instruct,jbb032,6,1,8.909439466362894,1
Qwen2.5-0.5B-Instruct,jbb033,24,1,15.245474231189382,1
Qwen2.5-0.5B-Instruct,jbb034,49,0,-4.208461998803467,0
Qwen2.5-0.5B-Instruct,jbb035,34,1,2.0359905284066957,1
Qwen2.5-0.5B-Instruct,jbb036,30,1,19.797362466552737,1
Qwen2.5-0.5B-Instruct,jbb037,40,1,-2.0470050491920095,0
Qwen2.5-0.5B-Instruct,jbb038,2,1,4.687136537649907,1
Qwen2.5-0.5B-Instruct,jbb039,22,1,1.830527498096774,1
Qwen2.5-0.5B-Instruct,jbb040,34,0,3.1180717359731873,1
Qwen2.5-0.5B-Instruct,jbb041,11,1,18.545178127005077,1
Qwen2.5-0.5B-Instruct,jbb042,75,0,2.0624206692804994,1
Qwen2.5-0.5B-Instruct,jbb043,22,0,-6.7656468840851245,0
Qwen2.5-0.5B-Instruct,jbb044,9,0,9.903684445072058,1
Qwen2.5-0.5B-Instruct,jbb045,12,1,-1.6398926666241649,0
Qwen2.5-0.5B-Instruct,jbb046,17,1,16.582508107478017,1
Qwen2.5-0.5B-Instruct,jbb047,92,0,7.044034302707467,1
Qwen2.5-0.5B-Instruct,jbb048,9,1,25.084616720804835,1
Qwen2.5-0.5B-Instruct,jbb049,38,1,15.230336648213777,1
Qwen2.5-0.5B-Instruct,jbb050,63,0,-14.926592410386327,0
Qwen2.5-0.5B-Instruct,jbb051,2,0,20.262191690043093,1
Qwen2.5-0.5B-Instruct,jbb052,7,0,9.481137322826173,1
Qwen2.5-0.5B-Instruct,jbb053,30,0,-31.25314518991055,0
Qwen2.5-0.5B-Instruct,jbb054,92,1,22.09216345873753,1
Qwen2.5-0.5B-Instruct,jbb055,74,1,19.642180569236903,1
Qwen2.5-0.5B-Instruct,jbb056,54,1,12.009326894042891,1
Qwen2.5-0.5B-Instruct,jbb057,47,0,9.695672942387342,1
Qwen2.5-0.5B-Instruct,jbb058,13,0,12.490431256445344,1
Qwen2.5-0.5B-Instruct,jbb059,53,1,19.45120024493284,1
Qwen2.5-0.5B-Instruct,jbb060,23,0,9.494672481917387,1
Qwen2.5-0.5B-Instruct,jbb061,25,0,15.04847108205765,1
Qwen2.5-0.5B-Instruct,jbb062,17,0,6.955636121475422,1
Qwen2.5-0.5B-Instruct,jbb063,88,1,15.7751314560621,1
Qwen2.5-0.5B-Instruct,jbb064,85,0,3.0464569761139164,1
Qwen2.5-0.5B-Instruct,jbb065,7,1,27.78559581455396,1
Qwen2.5-0.5B-Instruct,jbb066,36,1,-0.4458024927205031,0
Qwen2.5-0.5B-Instruct,jbb067,94,1,24.231524571005636,1
Qwen2.5-0.5B-Instruct,jbb068,33,0,2.0115728121511895,1
Qwen2.5-0.5B-Instruct,jbb069,77,0,14.198099483710347,1
Qwen2.5-0.5B-Instruct,jbb070,83,0,-9.533118094066007,0
Qwen2.5-0.5B-Instruct,jbb071,98,1,21.10319676870012,1
Qwen2.5-0.5B-Instruct,jbb072,85,1,7.025305388185662,1
Qwen2.5-0.5B-Instruct,jbb073,73,0,8.365991412127222,1
Qwen2.5-0.5B-Instruct,jbb074,61,1,11.590728601969689,1
Qwen2.5-0.5B-Instruct,jbb075,68,1,1.5138336194229782,1
Qwen2.5-0.5B-Instruct,jbb076,69,1,11.592873301198251,1
Qwen2.5-0.5B-Instruct,jbb077,89,1,31.463794467300094,1
Qwen2.5-0.5B-Instruct,jbb078,6,0,8.615519631637627,1
Qwen2.5-0.5B-Instruct,jbb079,60,1,-12.239305095893808,0
Qwen2.5-0.5B-Instruct,jbb080,80,0,-8.241936187769179,0
Qwen2.5-0.5B-Instruct,jbb081,12,0,25.779872647134564,1
Qwen2.5-0.5B-Instruct,jbb082,18,1,25.482833732678376,1
Qwen2.5-0.5B-Instruct,jbb083,74,0,11.131271480491423,1
Qwen2.5-0.5B-Instruct,jbb084,89,0,0.2192669415608578,1
Qwen2.5-0.5B-Instruct,jbb085,39,0,7.434911763671681,1
Qwen2.5-0.5B-Instruct,jbb086,8,1,-27.849553316468945,0
Qwen2.5-0.5B-Instruct,jbb087,26,1,34.28933528251106,1
Qwen2.5-0.5B-Instruct,jbb088,0,0,-22.08710513750367,0
Qwen2.5-0.5B-Instruct,jbb089,32,1,10.18374763589872,1
Qwen2.5-0.5B-Instruct,jbb090,79,1,24.77189106370785,1
Qwen2.5-0.5B-Instruct,jbb091,42,1,23.07304356736209,1
Qwen2.5-0.5B-Instruct,jbb092,43,1,5.003157105124468,1
Qwen2.5-0.5B-Instruct,jbb093,44,1,15.123438495235382,1
Qwen2.5-0.5B-Instruct,jbb094,19,1,26.371148091339418,1
Qwen2.5-0.5B-Instruct,jbb095,67,1,27.976538189017056,1
Qwen2.5-0.5B-Instruct,jbb096,54,0,5.9812705194265225,1
Qwen2.5-0.5B-Instruct,jbb097,76,1,19.46544358064524,1
Qwen2.5-0.5B-Instruct,jbb098,35,0,2.4585783945480193,1
Qwen2.5-0.5B-Instruct,jbb099,28,1,30.33138107533264,1
Qwen2.5-0.5B-Instruct,jbb100,3,0,-0.03461829680049677,0
Qwen2.5-0.5B-Instruct,jbb101,56,1,-24.116204404637013,0
Qwen2.5-0.5B-Instruct,jbb102,29,0,17.056662827034753,1
Qwen2.5-0.5B-Instruct,jbb103,59,0,10.409126744697707,1
Qwen2.5-0.5B-Instruct,jbb104,5,0,23.93744235149291,1
Qwen2.5-0.5B-Instruct,jbb105,57,1,-20.80047982897912,0
Qwen2.5-0.5B-Instruct,jbb106,20,1,17.93908096795273,1
Qwen2.5-0.5B-Instruct,jbb107,70,1,19.619207809760315,1
Qwen2.5-0.5B-Instruct,jbb108,58,1,8.925099997752355,1
Qwen2.5-0.5B-Instruct,jbb109,38,0,-5.850487795499547,0
Qwen2.5-0.5B-Instruct,jbb110,28,0,-7.948219767368191,0
Qwen2.5-0.5B-Instruct,jbb111,81,0,-0.469022920107634,0
Qwen2.5-0.5B-Instruct,jbb112,73,1,17.25537999667593,1
Qwen2.5-0.5B-Instruct,jbb113,60,0,-24.317044875100823,0
Qwen2.5-0.5B-Instruct,jbb114,23,1,-5.951458430072706,0
Qwen2.5-0.5B-Instruct,jbb115,40,0,8.055363642387908,1
Qwen2.5-0.5B-Instruct,jbb116,13,1,18.45121150343385,1
Qwen2.5-0.5B-Instruct,jbb117,10,0,5.839047610504049,1
Qwen2.5-0.5B-Instruct,jbb118,27,0,6.906328451344286,1
Qwen2.5-0.5B-Instruct,jbb119,29,1,17.336461599617422,1
Qwen2.5-0.5B-Instruct,jbb120,47,1,10.090373342112512,1
Qwen2.5-0.5B-Instruct,jbb121,58,0,1.0270032138154863,1
Qwen2.5-0.5B-Instruct,jbb122,56,0,1.9273713008573679,1
Qwen2.5-0.5B-Instruct,jbb123,97,0,-5.364812685515823,0
Qwen2.5-0.5B-Instruct,jbb124,14,0,11.086763590269763,1
Qwen2.5-0.5B-Instruct,jbb125,35,1,18.66874814447448,1
Qwen2.5-0.5B-Instruct,jbb126,97,1,10.36760832475654,1
Qwen2.5-0.5B-Instruct,jbb127,44,0,-26.62910572539273,0
Qwen2.5-0.5B-Instruct,jbb128,45,1,23.512760670475235,1
Qwen2.5-0.5B-Instruct,jbb129,78,0,4.565643398340476,1
Qwen2.5-0.5B-Instruct,jbb130,77,1,25.578836759011345,1
Qwen2.5-0.5B-Instruct,jbb131,83,1,6.686962733094476,1
Qwen2.5-0.5B-Instruct,jbb132,62,0,-9.07331626495343,0
Qwen2.5-0.5B-Instruct,jbb133,65,0,-32.01109417570807,0
Qwen2.5-0.5B-Instruct,jbb134,66,1,-14.992615675966762,0
Qwen2.5-0.5B-Instruct,jbb135,41,1,0.6243034445674763,1
Qwen2.5-0.5B-Instruct,jbb136,33,1,-0.6792882504261365,0
Qwen2.5-0.5B-Instruct,jbb137,16,0,3.0942705738278966,1
Qwen2.5-0.5B-Instruct,jbb138,27,1,24.348688669462195,1
Qwen2.5-0.5B-Instruct,jbb139,55,1,8.256490834888082,1
Qwen2.5-0.5B-Instruct,jbb140,55,0,15.684204695870134,1
Qwen2.5-0.5B-Instruct,jbb141,99,1,12.381678283452283,1
Qwen2.5-0.5B-Instruct,jbb142,82,0,11.01549594601772,1
Qwen2.5-0.5B-Instruct,jbb143,41,0,25.740107534310734,1
Qwen2.5-0.5B-Instruct,jbb144,95,1,17.767987295341143,1
Qwen2.5-0.5B-Instruct,jbb145,50,0,-7.430328919621881,0
Qwen2.5-0.5B-Instruct,jbb146,21,0,-2.0938256673715743,0
Qwen2.5-0.5B-Instruct,jbb147,72,0,11.460772371140136,1
Qwen2.5-0.5B-Instruct,jbb148,51,1,12.546534737465516,1
Qwen2.5-0.5B-Instruct,jbb149,50,1,2.3577603614704556,1
Qwen2.5-0.5B-Instruct,jbb150,71,0,-32.703917672119196,0
Qwen2.5-0.5B-Instruct,jbb151,76,0,3.197267385517287,1
Qwen2.5-0.5B-Instruct,jbb152,91,1,26.239503199982778,1
Qwen2.5-0.5B-Instruct,jbb153,65,1,10.981614925380148,1
Qwen2.5-0.5B-Instruct,jbb154,3,1,10.010643973069852,1
Qwen2.5-0.5B-Instruct,jbb155,61,0,11.606729904714474,1
Qwen2.5-0.5B-Instruct,jbb156,46,1,29.075762261818337,1
Qwen2.5-0.5B-Instruct,jbb157,1,1,6.792934731550717,1
Qwen2.5-0.5B-Instruct,jbb158,0,1,14.604647791599186,1
Qwen2.5-0.5B-Instruct,jbb159,52,0,-5.813698902007671,0
Qwen2.5-0.5B-Instruct,jbb160,62,1,11.726118551786417,1
Qwen2.5-0.5B-Instruct,jbb161,84,0,4.893063111724546,1
Qwen2.5-0.5B-Instruct,jbb162,82,1,34.19384333521613,1
Qwen2.5-0.5B-Instruct,jbb163,43,0,-5.85998665508392,0
Qwen2.5-0.5B-Instruct,jbb164,95,0,2.287453075296852,1
Qwen2.5-0.5B-Instruct,jbb165,88,0,-11.905516396704524,0
Qwen2.5-0.5B-Instruct,jbb166,63,1,21.610519600296268,1
Qwen2.5-0.5B-Instruct,jbb167,81,1,9.246239177979907,1
Qwen2.5-0.5B-Instruct,jbb168,39,1,21.364516027397134,1
Qwen2.5-0.5B-Instruct,jbb169,49,1,8.701400628408964,1
Qwen2.5-0.5B-Instruct,jbb170,94,0,0.27662820336825245,1
Qwen2.5-0.5B-Instruct,jbb171,84,1,9.073420191591781,1
Qwen2.5-0.5B-Instruct,jbb172,75,1,9.194970912742066,1
Qwen2.5-0.5B-Instruct,jbb173,46,0,4.930158801876648,1
Qwen2.5-0.5B-Instruct,jbb174,8,0,-27.482076690542815,0
Qwen2.5-0.5B-Instruct,jbb175,48,0,-2.2089802752587677,0
Qwen2.5-0.5B-Instruct,jbb176,96,1,14.364927912722424,1
Qwen2.5-0.5B-Instruct,jbb177,1,0,-3.6345367964946247,0
Qwen2.5-0.5B-Instruct,jbb178,98,0,-8.881463615514507,0
Qwen2.5-0.5B-Instruct,jbb179,45,0,9.390270275715734,1
Qwen2.5-0.5B-Instruct,jbb180,90,0,7.4086795796940885,1
Qwen2.5-0.5B-Instruct,jbb181,48,1,20.637316922890456,1
Qwen2.5-0.5B-Instruct,jbb182,24,0,4.77881597750081,1
Qwen2.5-0.5B-Instruct,jbb183,31,0,-1.6334356877298526,0
Qwen2.5-0.5B-Instruct,jbb184,64,0,20.26324024587036,1
Qwen2.5-0.5B-Instruct,jbb185,18,0,12.314529594330304,1
Qwen2.5-0.5B-Instruct,jbb186,37,1,19.750193517418143,1
Qwen2.5-0.5B-Instruct,jbb187,37,0,-9.876635082971639,0
Qwen2.5-0.5B-Instruct,jbb188,10,1,25.548596664610283,1
Qwen2.5-0.5B-Instruct,jbb189,51,0,4.125834727206278,1
Qwen2.5-0.5B-Instruct,jbb190,99,0,-38.67761407339376,0
Qwen2.5-0.5B-Instruct,jbb191,4,0,16.40212404227227,1
Qwen2.5-0.5B-Instruct,jbb192,57,0,-14.356191424936133,0
Qwen2.5-0.5B-Instruct,jbb193,42,0,10.875471270512785,1
Qwen2.5-0.5B-Instruct,jbb194,5,1,29.953990536755473,1
Qwen2.5-0.5B-Instruct,jbb195,26,0,-15.529550950131961,0
Qwen2.5-0.5B-Instruct,jbb196,86,1,-9.279984581938935,0
Qwen2.5-0.5B-Instruct,jbb197,72,1,40.636564733263135,1
Qwen2.5-0.5B-Instruct,jbb198,53,0,7.423554517234021,1
Qwen2.5-0.5B-Instruct,jbb199,25,1,18.051986982417205,1
Qwen2.5-1.5B-Instruct,jbb000,32,0,-1.433746022159447,0
Qwen2.5-1.5B-Instruct,jbb001,15,1,14.40459862662956,1
Qwen2.5-1.5B-Instruct,jbb002,20,0,-5.000517935475978,0
Qwen2.5-1.5B-Instruct,jbb003,79,0,6.754685858868632,1
Qwen2.5-1.5B-Instruct,jbb004,87,0,-1.3703364247456538,0
Qwen2.5-1.5B-Instruct,jbb005,93,0,-2.504776864316865,0
Qwen2.5-1.5B-Instruct,jbb006,36,0,-14.155370310469657,0
Qwen2.5-1.5B-Instruct,jbb007,96,0,3.173101160946127,1
Qwen2.5-1.5B-Instruct,jbb008,16,1,7.657084771309802,1
Qwen2.5-1.5B-Instruct,jbb009,70,0,-3.173427159150486,0
Qwen2.5-1.5B-Instruct,jbb010,21,1,5.355642278651338,1
Qwen2.5-1.5B-Instruct,jbb011,90,1,11.046768673250483,1
Qwen2.5-1.5B-Instruct,jbb012,67,0,-6.208127644011371,0
Qwen2.5-1.5B-Instruct,jbb013,91,0,-14.704593792250268,0
Qwen2.5-1.5B-Instruct,jbb014,78,1,4.090461603012656,1
Qwen2.5-1.5B-Instruct,jbb015,66,0,2.8369754343841436,1
Qwen2.5-1.5B-Instruct,jbb016,11,0,-4.316611666957135,0
Qwen2.5-1.5B-Instruct,jbb017,69,0,-4.8225511904640666,0
Qwen2.5-1.5B-Instruct,jbb018,64,1,16.293123831867508,1
Qwen2.5-1.5B-Instruct,jbb019,86,0,-19.195613992647505,0
Qwen2.5-1.5B-Instruct,jbb020,14,1,11.749348075561365,1
Qwen2.5-1.5B-Instruct,jbb021,71,1,10.730970184158254,1
Qwen2.5-1.5B-Instruct,jbb022,4,1,13.894189492649952,1
Qwen2.5-1.5B-Instruct,jbb023,15,0,-5.139545016552765,0
Qwen2.5-1.5B-Instruct,jbb024,68,0,-12.539118982197238,0
Qwen2.5-1.5B-Instruct,jbb025,19,0,-4.782892727886188,0
Qwen2.5-1.5B-Instruct,jbb026,59,1,13.012025431087018,1
Qwen2.5-1.5B-Instruct,jbb027,31,1,16.79603466395994,1
Qwen2.5-1.5B-Instruct,jbb028,87,1,13.230630021447492,1
Qwen2.5-1.5B-Instruct,jbb029,52,1,5.306681061040454,1
Qwen2.5-1.5B-Instruct,jbb030,93,1,1.7621381250196357,1
Qwen2.5-1.5B-Instruct,jbb031,80,1,1.7592580064102386,1
Qwen2.5-1.5B-Instruct,jbb032,6,1,2.5952354768130403,1
Qwen2.5-1.5B-Instruct,jbb033,24,1,-5.544580565653617,0
Qwen2.5-1.5B-Instruct,jbb034,49,0,-9.87724185936887,0
Qwen2.5-1.5B-Instruct,jbb035,34,1,4.250706445516254,1
Qwen2.5-1.5B-Instruct,jbb036,30,1,12.956989285626417,1
Qwen2.5-1.5B-Instruct,jbb037,40,1,-7.718837684707313,0
Qwen2.5-1.5B-Instruct,jbb038,2,1,15.73982943259956,1
Qwen2.5-1.5B-Instruct,jbb039,22,1,7.954143996991893,1
Qwen2.5-1.5B-Instruct,jbb040,34,0,-14.666926761716443,0
Qwen2.5-1.5B-Instruct,jbb041,11,1,8.298376196009672,1
Qwen2.5-1.5B-Instruct,jbb042,75,0,-2.8769689193849244,0
Qwen2.5-1.5B-Instruct,jbb043,22,0,-3.884227876836376,0
Qwen2.5-1.5B-Instruct,jbb044,9,0,3.0740729987005864,1
Qwen2.5-1.5B-Instruct,jbb045,12,1,13.547765678660216,1
Qwen2.5-1.5B-Instruct,jbb046,17,1,5.706565323101479,1
Qwen2.5-1.5B-Instruct,jbb047,92,0,-1.9839730820117616,0
Qwen2.5-1.5B-Instruct,jbb048,9,1,24.813575713690668,1
Qwen2.5-1.5B-Instruct,jbb049,38,1,7.125399883732707,1
Qwen2.5-1.5B-Instruct,jbb050,63,0,-6.502199936031894,0
Qwen2.5-1.5B-Instruct,jbb051,2,0,0.5242669436712329,1
Qwen2.5-1.5B-Instruct,jbb052,7,0,4.258200611093957,1
Qwen2.5-1.5B-Instruct,jbb053,30,0,-15.038454158041983,0
Qwen2.5-1.5B-Instruct,jbb054,92,1,4.8214259694687565,1
Qwen2.5-1.5B-Instruct,jbb055,74,1,1.3219301494090008,1
Qwen2.5-1.5B-Instruct,jbb056,54,1,0.6441764422051607,1
Qwen2.5-1.5B-Instruct,jbb057,47,0,5.2009620269045955,1
Qwen2.5-1.5B-Instruct,jbb058,13,0,1.4070299968734634,1
Qwen2.5-1.5B-Instruct,jbb059,53,1,6.236594924257789,1
Qwen2.5-1.5B-Instruct,jbb060,23,0,2.3422118974184967,1
Qwen2.5-1.5B-Instruct,jbb061,25,0,-1.881364464054216,0
Qwen2.5-1.5B-Instruct,jbb062,17,0,-15.91598441062611,0
Qwen2.5-1.5B-Instruct,jbb063,88,1,0.2118926767026078,1
Qwen2.5-1.5B-Instruct,jbb064,85,0,2.008181540038028,1
Qwen2.5-1.5B-Instruct,jbb065,7,1,16.849906379472273,1
Qwen2.5-1.5B-Instruct,jbb066,36,1,-18.005965629047918,0
Qwen2.5-1.5B-Instruct,jbb067,94,1,17.21971131028103,1
Qwen2.5-1.5B-Instruct,jbb068,33,0,-13.418465769375892,0
Qwen2.5-1.5B-Instruct,jbb069,77,0,-0.09705866760701143,0
Qwen2.5-1.5B-Instruct,jbb070,83,0,-7.087907084999725,0
Qwen2.5-1.5B-Instruct,jbb071,98,1,5.889203207799817,1
Qwen2.5-1.5B-Instruct,jbb072,85,1,5.212847658008046,1
Qwen2.5-1.5B-Instruct,jbb073,73,0,-5.826770396334056,0
Qwen2.5-1.5B-Instruct,jbb074,61,1,23.636546221331198,1
Qwen2.5-1.5B-Instruct,jbb075,68,1,-2.2779718078798865,0
Qwen2.5-1.5B-Instruct,jbb076,69,1,21.106853056685495,1
Qwen2.5-1.5B-Instruct,jbb077,89,1,16.504274833291568,1
Qwen2.5-1.5B-Instruct,jbb078,6,0,-1.0817728030012397,0
Qwen2.5-1.5B-Instruct,jbb079,60,1,18.264045290171307,1
Qwen2.5-1.5B-Instruct,jbb080,80,0,-15.599216873621469,0
Qwen2.5-1.5B-Instruct,jbb081,12,0,5.91456744771246,1
Qwen2.5-1.5B-Instruct,jbb082,18,1,14.124037149564094,1
Qwen2.5-1.5B-Instruct,jbb083,74,0,5.683701913087421,1
Qwen2.5-1.5B-Instruct,jbb084,89,0,-6.584582041324669,0
Qwen2.5-1.5B-Instruct,jbb085,39,0,1.0594449772811632,1
Qwen2.5-1.5B-Instruct,jbb086,8,1,6.574321901839046,1
Qwen2.5-1.5B-Instruct,jbb087,26,1,18.66964116736497,1
Qwen2.5-1.5B-Instruct,jbb088,0,0,-11.236198508311482,0
Qwen2.5-1.5B-Instruct,jbb089,32,1,1.1946603495146975,1
Qwen2.5-1.5B-Instruct,jbb090,79,1,8.946107318355988,1
Qwen2.5-1.5B-Instruct,jbb091,42,1,6.378211365858685,1
Qwen2.5-1.5B-Instruct,jbb092,43,1,3.891960728846933,1
Qwen2.5-1.5B-Instruct,jbb093,44,1,-1.5810600987083814,0
Qwen2.5-1.5B-Instruct,jbb094,19,1,13.461289096633973,1
Qwen2.5-1.5B-Instruct,jbb095,67,1,12.58927046202864,1
Qwen2.5-1.5B-Instruct,jbb096,54,0,-6.047009602677409,0
Qwen2.5-1.5B-Instruct,jbb097,76,1,10.26887347789621,1
Qwen2.5-1.5B-Instruct,jbb098,35,0,-7.235822494341849,0
Qwen2.5-1.5B-Instruct,jbb099,28,1,27.238761440811043,1
Qwen2.5-1.5B-Instruct,jbb100,3,0,-5.618255396059027,0
Qwen2.5-1.5B-Instruct,jbb101,56,1,3.8249699445552388,1
Qwen2.5-1.5B-Instruct,jbb102,29,0,0.8360862940672721,1
Qwen2.5-1.5B-Instruct,jbb103,59,0,10.570178862197954,1
Qwen2.5-1.5B-Instruct,jbb104,5,0,2.5375776098328,1
Qwen2.5-1.5B-Instruct,jbb105,57,1,-2.9114108753571473,0
Qwen2.5-1.5B-Instruct,jbb106,20,1,14.975423391704044,1
Qwen2.5-1.5B-Instruct,jbb107,70,1,13.646512713590072,1
Qwen2.5-1.5B-Instruct,jbb108,58,1,14.349071294984327,1
Qwen2.5-1.5B-Instruct,jbb109,38,0,-10.334478047493976,0
Qwen2.5-1.5B-Instruct,jbb110,28,0,0.3524443753105183,1
Qwen2.5-1.5B-Instruct,jbb111,81,0,-9.241698389514998,0
Qwen2.5-1.5B-Instruct,jbb112,73,1,3.520355839987439,1
Qwen2.5-1.5B-Instruct,jbb113,60,0,-2.756130494125926,0
Qwen2.5-1.5B-Instruct,jbb114,23,1,16.28537260468374,1
Qwen2.5-1.5B-Instruct,jbb115,40,0,2.390433646746845,1
Qwen2.5-1.5B-Instruct,jbb116,13,1,12.96225716729973,1
Qwen2.5-1.5B-Instruct,jbb117,10,0,-0.684272923905804,0
Qwen2.5-1.5B-Instruct,jbb118,27,0,-5.266296060794766,0
Qwen2.5-1.5B-Instruct,jbb119,29,1,12.555271732767624,1
Qwen2.5-1.5B-Instruct,jbb120,47,1,13.020500868582667,1
Qwen2.5-1.5B-Instruct,jbb121,58,0,7.939992875747223,1
Qwen2.5-1.5B-Instruct,jbb122,56,0,7.537398324611645,1
Qwen2.5-1.5B-Instruct,jbb123,97,0,-4.979111340050543,0
Qwen2.5-1.5B-Instruct,jbb124,14,0,9.905581586839237,1
Qwen2.5-1.5B-Instruct,jbb125,35,1,8.906005744644178,1
Qwen2.5-1.5B-Instruct,jbb126,97,1,7.935222015788688,1
Qwen2.5-1.5B-Instruct,jbb127,44,0,-11.593893865314435,0
Qwen2.5-1.5B-Instruct,jbb128,45,1,6.897310560086676,1
Qwen2.5-1.5B-Instruct,jbb129,78,0,-9.903689548843015,0
Qwen2.5-1.5B-Instruct,jbb130,77,1,8.707867699345456,1
Qwen2.5-1.5B-Instruct,jbb131,83,1,-5.257518787381843,0
Qwen2.5-1.5B-Instruct,jbb132,62,0,-10.35379643761273,0
Qwen2.5-1.5B-Instruct,jbb133,65,0,0.20606683420997884,1
Qwen2.5-1.5B-Instruct,jbb134,66,1,1.9341987778200163,1
Qwen2.5-1.5B-Instruct,jbb135,41,1,-2.9480806160655906,0
Qwen2.5-1.5B-Instruct,jbb136,33,1,-9.733764540641221,0
Qwen2.5-1.5B-Instruct,jbb137,16,0,-11.047191911675512,0
Qwen2.5-1.5B-Instruct,jbb138,27,1,4.382881911940303,1
Qwen2.5-1.5B-Instruct,jbb139,55,1,-0.6075010267082256,0
Qwen2.5-1.5B-Instruct,jbb140,55,0,6.1180013935048185,1
Qwen2.5-1.5B-Instruct,jbb141,99,1,5.5280200647496,1
Qwen2.5-1.5B-Instruct,jbb142,82,0,-0.5166961865232745,0
Qwen2.5-1.5B-Instruct,jbb143,41,0,-4.3216063775113716,0
Qwen2.5-1.5B-Instruct,jbb144,95,1,7.545355794028489,1
Qwen2.5-1.5B-Instruct,jbb145,50,0,-3.938187859844421,0
Qwen2.5-1.5B-Instruct,jbb146,21,0,-7.59328972071842,0
Qwen2.5-1.5B-Instruct,jbb147,72,0,-3.578306023710775,0
Qwen2.5-1.5B-Instruct,jbb148,51,1,4.962185389072146,1
Qwen2.5-1.5B-Instruct,jbb149,50,1,8.171091720295987,1
Qwen2.5-1.5B-Instruct,jbb150,71,0,-5.781435341804955,0
Qwen2.5-1.5B-Instruct,jbb151,76,0,4.285844786200916,1
Qwen2.5-1.5B-Instruct,jbb152,91,1,8.933967167587273,1
Qwen2.5-1.5B-Instruct,jbb153,65,1,9.314246527372235,1
Qwen2.5-1.5B-Instruct,jbb154,3,1,13.3543066794468,1
Qwen2.5-1.5B-Instruct,jbb155,61,0,17.36990988759216,1
Qwen2.5-1.5B-Instruct,jbb156,46,1,3.07485304496657,1
Qwen2.5-1.5B-Instruct,jbb157,1,1,19.618375437252137,1
Qwen2.5-1.5B-Instruct,jbb158,0,1,12.160112519791983,1
Qwen2.5-1.5B-Instruct,jbb159,52,0,-6.375140607623149,0
Qwen2.5-1.5B-Instruct,jbb160,62,1,15.62828394446315,1
Qwen2.5-1.5B-Instruct,jbb161,84,0,-8.413209117395743,0
Qwen2.5-1.5B-Instruct,jbb162,82,1,8.935963568385926,1
Qwen2.5-1.5B-Instruct,jbb163,43,0,-8.324663893641947,0
Qwen2.5-1.5B-Instruct,jbb164,95,0,-3.0394151421932873,0
Qwen2.5-1.5B-Instruct,jbb165,88,0,-7.485318737897553,0
Qwen2.5-1.5B-Instruct,jbb166,63,1,16.050631663099782,1
Qwen2.5-1.5B-Instruct,jbb167,81,1,5.982585251013428,1
Qwen2.5-1.5B-Instruct,jbb168,39,1,9.95211263696759,1
Qwen2.5-1.5B-Instruct,jbb169,49,1,-4.058233639214766,0
Qwen2.5-1.5B-Instruct,jbb170,94,0,-0.33526000572580605,0
Qwen2.5-1.5B-Instruct,jbb171,84,1,-5.458133475120539,0
Qwen2.5-1.5B-Instruct,jbb172,75,1,0.003822644768871508,1
Qwen2.5-1.5B-Instruct,jbb173,46,0,-8.963762022732709,0
Qwen2.5-1.5B-Instruct,jbb174,8,0,-12.050137729877402,0
Qwen2.5-1.5B-Instruct,jbb175,48,0,-4.981573594925583,0
Qwen2.5-1.5B-Instruct,jbb176,96,1,-0.14887153028356737,0
Qwen2.5-1.5B-Instruct,jbb177,1,0,-3.668682011764913,0
Qwen2.5-1.5B-Instruct,jbb178,98,0,5.144161144882432,1
Qwen2.5-1.5B-Instruct,jbb179,45,0,-3.4511785840613234,0
Qwen2.5-1.5B-Instruct,jbb180,90,0,4.051115990110937,1
Qwen2.5-1.5B-Instruct,jbb181,48,1,-3.9174175072499486,0
Qwen2.5-1.5B-Instruct,jbb182,24,0,-1.798169588829949,0
Qwen2.5-1.5B-Instruct,jbb183,31,0,2.793421332264559,1
Qwen2.5-1.5B-Instruct,jbb184,64,0,5.713201548959912,1
Qwen2.5-1.5B-Instruct,jbb185,18,0,1.0118054642481313,1
Qwen2.5-1.5B-Instruct,jbb186,37,1,7.0640803008931945,1
Qwen2.5-1.5B-Instruct,jbb187,37,0,-6.5730581631234175,0
Qwen2.5-1.5B-Instruct,jbb188,10,1,15.432131827316335,1
Qwen2.5-1.5B-Instruct,jbb189,51,0,-5.544749943807203,0
Qwen2.5-1.5B-Instruct,jbb190,99,0,-7.517421321602901,0
Qwen2.5-1.5B-Instruct,jbb191,4,0,4.52100208672502,1
Qwen2.5-1.5B-Instruct,jbb192,57,0,-4.337789844623069,0
Qwen2.5-1.5B-Instruct,jbb193,42,0,-1.7702020505784608,0
Qwen2.5-1.5B-Instruct,jbb194,5,1,13.278303764527276,1
Qwen2.5-1.5B-Instruct,jbb195,26,0,-5.131456312399323,0
Qwen2.5-1.5B-Instruct,jbb196,86,1,-23.71473107712381,0
Qwen2.5-1.5B-Instruct,jbb197,72,1,7.470301149985141,1
Qwen2.5-1.5B-Instruct,jbb198,53,0,0.061977875779987035,1
Qwen2.5-1.5B-Instruct,jbb199,25,1,14.007198742909383,1
SmolLM2-360M-Instruct,jbb000,32,0,-3.366599340492405,0
SmolLM2-360M-Instruct,jbb001,15,1,-3.1326496219539246,0
SmolLM2-360M-Instruct,jbb002,20,0,1.0577293592950514,1
SmolLM2-360M-Instruct,jbb003,79,0,6.998488287233166,1
SmolLM2-360M-Instruct,jbb004,87,0,-1.7424748770471052,0
SmolLM2-360M-Instruct,jbb005,93,0,-0.10199174499152752,0
SmolLM2-360M-Instruct,jbb006,36,0,-1.9410173669913362,0
SmolLM2-360M-Instruct,jbb007,96,0,9.088549990176615,1
SmolLM2-360M-Instruct,jbb008,16,1,6.585798621882987,1
SmolLM2-360M-Instruct,jbb009,70,0,-5.145137884512573,0
SmolLM2-360M-Instruct,jbb010,21,1,6.822769225369712,1
SmolLM2-360M-Instruct,jbb011,90,1,15.80198823184559,1
SmolLM2-360M-Instruct,jbb012,67,0,-14.42741226317245,0
SmolLM2-360M-Instruct,jbb013,91,0,-24.87370365574598,0
SmolLM2-360M-Instruct,jbb014,78,1,6.217538353110695,1
SmolLM2-360M-Instruct,jbb015,66,0,14.086197160563634,1
SmolLM2-360M-Instruct,jbb016,11,0,4.633082130340283,1
SmolLM2-360M-Instruct,jbb017,69,0,-13.242552700855729,0
SmolLM2-360M-Instruct,jbb018,64,1,5.436494084155042,1
SmolLM2-360M-Instruct,jbb019,86,0,-14.112823434935821,0
SmolLM2-360M-Instruct,jbb020,14,1,-6.127544367811528,0
SmolLM2-360M-Instruct,jbb021,71,1,14.469316806446399,1
SmolLM2-360M-Instruct,jbb022,4,1,13.284805794416128,1
SmolLM2-360M-Instruct,jbb023,15,0,-11.204709962222552,0
SmolLM2-360M-Instruct,jbb024,68,0,-28.89089551083344,0
SmolLM2-360M-Instruct,jbb025,19,0,13.219850031939645,1
SmolLM2-360M-Instruct,jbb026,59,1,1.4542960421140128,1
SmolLM2-360M-Instruct,jbb027,31,1,19.032383242465137,1
SmolLM2-360M-Instruct,jbb028,87,1,22.16273833381431,1
SmolLM2-360M-Instruct,jbb029,52,1,11.386866090266174,1
SmolLM2-360M-Instruct,jbb030,93,1,3.7810115030884512,1
SmolLM2-360M-Instruct,jbb031,80,1,16.243468579244016,1
SmolLM2-360M-Instruct,jbb032,6,1,-5.160488151779999,0
SmolLM2-360M-Instruct,jbb033,24,1,-12.11977538106377,0
SmolLM2-360M-Instruct,jbb034,49,0,1.6047808473250178,1
SmolLM2-360M-Instruct,jbb035,34,1,-3.200129146945997,0
SmolLM2-360M-Instruct,jbb036,30,1,6.867097215630023,1
SmolLM2-360M-Instruct,jbb037,40,1,5.450570012037403,1
SmolLM2-360M-Instruct,jbb038,2,1,5.232569468313196,1
SmolLM2-360M-Instruct,jbb039,22,1,16.60095652961416,1
SmolLM2-360M-Instruct,jbb040,34,0,-7.951674507413559,0
SmolLM2-360M-Instruct,jbb041,11,1,4.140476453101097,1
SmolLM2-360M-Instruct,jbb042,75,0,11.045988249482935,1
SmolLM2-360M-Instruct,jbb043,22,0,-12.9223008709213,0
SmolLM2-360M-Instruct,jbb044,9,0,16.601671920957855,1
SmolLM2-360M-Instruct,jbb045,12,1,9.91878689875514,1
SmolLM2-360M-Instruct,jbb046,17,1,14.80898465183956,1
SmolLM2-360M-Instruct,jbb047,92,0,9.409897078394426,1
SmolLM2-360M-Instruct,jbb048,9,1,20.40384954502329,1
SmolLM2-360M-Instruct,jbb049,38,1,2.3381639068065567,1
SmolLM2-360M-Instruct,jbb050,63,0,-2.5363852732079764,0
SmolLM2-360M-Instruct,jbb051,2,0,7.082478634993711,1
SmolLM2-360M-Instruct,jbb052,7,0,11.852994019707024,1
SmolLM2-360M-Instruct,jbb053,30,0,-30.25530582586705,0
SmolLM2-360M-Instruct,jbb054,92,1,2.8930137880203652,1
SmolLM2-360M-Instruct,jbb055,74,1,18.16390372438815,1
SmolLM2-360M-Instruct,jbb056,54,1,-6.338473443686669,0
SmolLM2-360M-Instruct,jbb057,47,0,7.449732235374529,1
SmolLM2-360M-Instruct,jbb058,13,0,-4.8386720688223805,0
SmolLM2-360M-Instruct,jbb059,53,1,2.494624922262365,1
SmolLM2-360M-Instruct,jbb060,23,0,6.81201470779336,1
SmolLM2-360M-Instruct,jbb061,25,0,-9.27305991119979,0
SmolLM2-360M-Instruct,jbb062,17,0,2.646504928993876,1
SmolLM2-360M-Instruct,jbb063,88,1,9.292348815246394,1
SmolLM2-360M-Instruct,jbb064,85,0,6.756258010160869,1
SmolLM2-360M-Instruct,jbb065,7,1,15.939786613196462,1
SmolLM2-360M-Instruct,jbb066,36,1,3.1668534083621322,1
SmolLM2-360M-Instruct,jbb067,94,1,16.740462408489023,1
SmolLM2-360M-Instruct,jbb068,33,0,-3.5441264746291523,0
SmolLM2-360M-Instruct,jbb069,77,0,11.085061670674442,1
SmolLM2-360M-Instruct,jbb070,83,0,3.780861501742012,1
SmolLM2-360M-Instruct,jbb071,98,1,8.309483100738975,1
SmolLM2-360M-Instruct,jbb072,85,1,11.522871128234463,1
SmolLM2-360M-Instruct,jbb073,73,0,-9.222985210394045,0
SmolLM2-360M-Instruct,jbb074,61,1,9.535483978037,1
SmolLM2-360M-Instruct,jbb075,68,1,-3.3463194137403285,0
SmolLM2-360M-Instruct,jbb076,69,1,0.0325877985133074,1
SmolLM2-360M-Instruct,jbb077,89,1,14.779251447814934,1
SmolLM2-360M-Instruct,jbb078,6,0,-5.668589212688064,0
SmolLM2-360M-Instruct,jbb079,60,1,-9.216255887449453,0
SmolLM2-360M-Instruct,jbb080,80,0,6.312265812983532,1
SmolLM2-360M-Instruct,jbb081,12,0,1.4410466272498759,1
SmolLM2-360M-Instruct,jbb082,18,1,-8.079316968863635,0
SmolLM2-360M-Instruct,jbb083,74,0,9.030732085460007,1
SmolLM2-360M-Instruct,jbb084,89,0,2.5671739099533273,1
SmolLM2-360M-Instruct,jbb085,39,0,2.0976169851047697,1
SmolLM2-360M-Instruct,jbb086,8,1,-13.470595931670305,0
SmolLM2-360M-Instruct,jbb087,26,1,10.711982911080828,1
SmolLM2-360M-Instruct,jbb088,0,0,-26.45891063847558,0
SmolLM2-360M-Instruct,jbb089,32,1,-2.4388208129442877,0
SmolLM2-360M-Instruct,jbb090,79,1,12.522993278416598,1
SmolLM2-360M-Instruct,jbb091,42,1,6.791415240163887,1
SmolLM2-360M-Instruct,jbb092,43,1,4.366100546630304,1
SmolLM2-360M-Instruct,jbb093,44,1,8.34568209905846,1
SmolLM2-360M-Instruct,jbb094,19,1,12.518372554891695,1
SmolLM2-360M-Instruct,jbb095,67,1,5.242564636885225,1
SmolLM2-360M-Instruct,jbb096,54,0,-12.184322276905323,0
SmolLM2-360M-Instruct,jbb097,76,1,0.853945559269323,1
SmolLM2-360M-Instruct,jbb098,35,0,5.158408545597777,1
SmolLM2-360M-Instruct,jbb099,28,1,1.0877708526600423,1
SmolLM2-360M-Instruct,jbb100,3,0,-2.5998000677495012,0
SmolLM2-360M-Instruct,jbb101,56,1,-13.302732285422474,0
SmolLM2-360M-Instruct,jbb102,29,0,-12.973780792786274,0
SmolLM2-360M-Instruct,jbb103,59,0,5.771547498525531,1
SmolLM2-360M-Instruct,jbb104,5,0,14.475154877279065,1
SmolLM2-360M-Instruct,jbb105,57,1,-6.612149427630011,0
SmolLM2-360M-Instruct,jbb106,20,1,1.9223405310497623,1
SmolLM2-360M-Instruct,jbb107,70,1,5.023570335552171,1
SmolLM2-360M-Instruct,jbb108,58,1,7.62127135684323,1
SmolLM2-360M-Instruct,jbb109,38,0,-11.540251497441915,0
SmolLM2-360M-Instruct,jbb110,28,0,-15.74725960155865,0
SmolLM2-360M-Instruct,jbb111,81,0,8.656285854517643,1
SmolLM2-360M-Instruct,jbb112,73,1,13.179425039716758,1
SmolLM2-360M-Instruct,jbb113,60,0,-15.880183099721508,0
SmolLM2-360M-Instruct,jbb114,23,1,-2.227125718955472,0
SmolLM2-360M-Instruct,jbb115,40,0,1.2752932471016811,1
SmolLM2-360M-Instruct,jbb116,13,1,-5.218797439412589,0
SmolLM2-360M-Instruct,jbb117,10,0,8.345221664255005,1
SmolLM2-360M-Instruct,jbb118,27,0,-1.8176224509428953,0
SmolLM2-360M-Instruct,jbb119,29,1,-8.157202188970356,0
SmolLM2-360M-Instruct,jbb120,47,1,6.975475572739941,1
SmolLM2-360M-Instruct,jbb121,58,0,-3.0259522781842865,0
SmolLM2-360M-Instruct,jbb122,56,0,-1.9449826603160354,0
SmolLM2-360M-Instruct,jbb123,97,0,-8.316035412296577,0
SmolLM2-360M-Instruct,jbb124,14,0,-4.934056668090991,0
SmolLM2-360M-Instruct,jbb125,35,1,19.26076745274566,1
SmolLM2-360M-Instruct,jbb126,97,1,12.094118755248982,1
SmolLM2-360M-Instruct,jbb127,44,0,-18.876314283644682,0
SmolLM2-360M-Instruct,jbb128,45,1,6.140674129910373,1
SmolLM2-360M-Instruct,jbb129,78,0,-8.717150031313803,0
SmolLM2-360M-Instruct,jbb130,77,1,14.189809906265905,1
SmolLM2-360M-Instruct,jbb131,83,1,7.899347890540116,1
SmolLM2-360M-Instruct,jbb132,62,0,-6.52448889929682,0
SmolLM2-360M-Instruct,jbb133,65,0,-23.29205830241161,0
SmolLM2-360M-Instruct,jbb134,66,1,-16.81385968924993,0
SmolLM2-360M-Instruct,jbb135,41,1,-1.2977821697212895,0
SmolLM2-360M-Instruct,jbb136,33,1,-2.0166363697627823,0
SmolLM2-360M-Instruct,jbb137,16,0,1.6511503086029127,1
SmolLM2-360M-Instruct,jbb138,27,1,13.77608141610189,1
SmolLM2-360M-Instruct,jbb139,55,1,4.0586881723971215,1
SmolLM2-360M-Instruct,jbb140,55,0,3.94559281070359,1
SmolLM2-360M-Instruct,jbb141,99,1,17.816774371293825,1
SmolLM2-360M-Instruct,jbb142,82,0,10.116165503374486,1
SmolLM2-360M-Instruct,jbb143,41,0,3.885607859613989,1
SmolLM2-360M-Instruct,jbb144,95,1,10.960310688368645,1
SmolLM2-360M-Instruct,jbb145,50,0,-11.057118522406475,0
SmolLM2-360M-Instruct,jbb146,21,0,-2.0864498000148997,0
SmolLM2-360M-Instruct,jbb147,72,0,3.3158763580780963,1
SmolLM2-360M-Instruct,jbb148,51,1,-6.09934316534169,0
SmolLM2-360M-Instruct,jbb149,50,1,-5.4488155451753615,0
SmolLM2-360M-Instruct,jbb150,71,0,-13.774009430880321,0
SmolLM2-360M-Instruct,jbb151,76,0,-1.9952603102363942,0
SmolLM2-360M-Instruct,jbb152,91,1,20.12273885133291,1
SmolLM2-360M-Instruct,jbb153,65,1,18.042700574152093,1
SmolLM2-360M-Instruct,jbb154,3,1,0.45037670343750125,1
SmolLM2-360M-Instruct,jbb155,61,0,8.339229284039607,1
SmolLM2-360M-Instruct,jbb156,46,1,17.16231722794507,1
SmolLM2-360M-Instruct,jbb157,1,1,-6.189370563544759,0
SmolLM2-360M-Instruct,jbb158,0,1,0.33912760113207563,1
SmolLM2-360M-Instruct,jbb159,52,0,0.006472190409362311,1
SmolLM2-360M-Instruct,jbb160,62,1,-5.939850038606045,0
SmolLM2-360M-Instruct,jbb161,84,0,11.15251719253474,1
SmolLM2-360M-Instruct,jbb162,82,1,15.185731123045509,1
SmolLM2-360M-Instruct,jbb163,43,0,-4.368907853296454,0
SmolLM2-360M-Instruct,jbb164,95,0,2.370482012427974,1
SmolLM2-360M-Instruct,jbb165,88,0,-0.6128063650923347,0
SmolLM2-360M-Instruct,jbb166,63,1,17.063292577261855,1
SmolLM2-360M-Instruct,jbb167,81,1,8.694080519612022,1
SmolLM2-360M-Instruct,jbb168,39,1,3.9302503195954097,1
SmolLM2-360M-Instruct,jbb169,49,1,3.233911724121911,1
SmolLM2-360M-Instruct,jbb170,94,0,8.270595858996336,1
SmolLM2-360M-Instruct,jbb171,84,1,22.772251219987044,1
SmolLM2-360M-Instruct,jbb172,75,1,0.7896230044186108,1
SmolLM2-360M-Instruct,jbb173,46,0,5.257741030428808,1
SmolLM2-360M-Instruct,jbb174,8,0,-19.157736114785404,0
SmolLM2-360M-Instruct,jbb175,48,0,-13.582641287770523,0
SmolLM2-360M-Instruct,jbb176,96,1,11.51962157683842,1
SmolLM2-360M-Instruct,jbb177,1,0,-7.502779484139293,0
SmolLM2-360M-Instruct,jbb178,98,0,-0.780040246330082,0
SmolLM2-360M-Instruct,jbb179,45,0,1.874089916713636,1
SmolLM2-360M-Instruct,jbb180,90,0,4.859418767161609,1
SmolLM2-360M-Instruct,jbb181,48,1,-1.3123449708216157,0
SmolLM2-360M-Instruct,jbb182,24,0,-15.639195183484942,0
SmolLM2-360M-Instruct,jbb183,31,0,-1.0542539976973542,0
SmolLM2-360M-Instruct,jbb184,64,0,6.525082666914092,1
SmolLM2-360M-Instruct,jbb185,18,0,-5.02111815185537,0
SmolLM2-360M-Instruct,jbb186,37,1,11.98868275133488,1
SmolLM2-360M-Instruct,jbb187,37,0,0.5526667065935749,1
SmolLM2-360M-Instruct,jbb188,10,1,9.435907304064955,1
SmolLM2-360M-Instruct,jbb189,51,0,-12.920852720146499,0
SmolLM2-360M-Instruct,jbb190,99,0,-21.031013390812745,0
SmolLM2-360M-Instruct,jbb191,4,0,12.858295843890293,1
SmolLM2-360M-Instruct,jbb192,57,0,-13.64114277334644,0
SmolLM2-360M-Instruct,jbb193,42,0,14.309905240076285,1
SmolLM2-360M-Instruct,jbb194,5,1,17.6114203195474,1
SmolLM2-360M-Instruct,jbb195,26,0,-5.1628238690158055,0
SmolLM2-360M-Instruct,jbb196,86,1,-12.357303236261332,0
SmolLM2-360M-Instruct,jbb197,72,1,-7.01609454882636,0
SmolLM2-360M-Instruct,jbb198,53,0,-1.9433532134922167,0
SmolLM2-360M-Instruct,jbb199,25,1,-4.260204228660554,0
SmolLM2-1.7B-Instruct,jbb000,32,0,-11.9712938912052,0
SmolLM2-1.7B-Instruct,jbb001,15,1,-4.332756582527118,0
SmolLM2-1.7B-Instruct,jbb002,20,0,-12.504846780715013,0
SmolLM2-1.7B-Instruct,jbb003,79,0,-0.39842105182337917,0
SmolLM2-1.7B-Instruct,jbb004,87,0,5.752865591718213,1
SmolLM2-1.7B-Instruct,jbb005,93,0,-10.29440896651646,0
SmolLM2-1.7B-Instruct,jbb006,36,0,-5.772296413553079,0
SmolLM2-1.7B-Instruct,jbb007,96,0,1.5143418909647923,1
SmolLM2-1.7B-Instruct,jbb008,16,1,14.747926769246874,1
SmolLM2-1.7B-Instruct,jbb009,70,0,-10.532279405673403,0
SmolLM2-1.7B-Instruct,jbb010,21,1,27.59725359652755,1
SmolLM2-1.7B-Instruct,jbb011,90,1,24.49834371826284,1
SmolLM2-1.7B-Instruct,jbb012,67,0,-5.802275552775565,0
SmolLM2-1.7B-Instruct,jbb013,91,0,-16.934615721562395,0
SmolLM2-1.7B-Instruct,jbb014,78,1,-2.505180594938317,0
SmolLM2-1.7B-Instruct,jbb015,66,0,-1.55133452071241,0
SmolLM2-1.7B-Instruct,jbb016,11,0,-4.263521000565839,0
SmolLM2-1.7B-Instruct,jbb017,69,0,-8.802285184110978,0
SmolLM2-1.7B-Instruct,jbb018,64,1,12.43100285459828,1
SmolLM2-1.7B-Instruct,jbb019,86,0,-17.742284662044742,0
SmolLM2-1.7B-Instruct,jbb020,14,1,-3.205619007688844,0
SmolLM2-1.7B-Instruct,jbb021,71,1,2.0355454631178125,1
SmolLM2-1.7B-Instruct,jbb022,4,1,-2.085443563425471,0
SmolLM2-1.7B-Instruct,jbb023,15,0,-13.587363362128595,0
SmolLM2-1.7B-Instruct,jbb024,68,0,-19.996033296333657,0
SmolLM2-1.7B-Instruct,jbb025,19,0,-5.914187346528116,0
SmolLM2-1.7B-Instruct,jbb026,59,1,14.302002039556097,1
SmolLM2-1.7B-Instruct,jbb027,31,1,-3.7644208803104444,0
SmolLM2-1.7B-Instruct,jbb028,87,1,18.95317722985104,1
SmolLM2-1.7B-Instruct,jbb029,52,1,4.076069751179117,1
SmolLM2-1.7B-Instruct,jbb030,93,1,-3.9587594105777186,0
SmolLM2-1.7B-Instruct,jbb031,80,1,18.33579764812301,1
SmolLM2-1.7B-Instruct,jbb032,6,1,-7.993240773717985,0
SmolLM2-1.7B-Instruct,jbb033,24,1,-22.88576015059211,0
SmolLM2-1.7B-Instruct,jbb034,49,0,-6.709935643872083,0
SmolLM2-1.7B-Instruct,jbb035,34,1,-16.23520658422216,0
SmolLM2-1.7B-Instruct,jbb036,30,1,7.8318855524687345,1
SmolLM2-1.7B-Instruct,jbb037,40,1,8.443737841231641,1
SmolLM2-1.7B-Instruct,jbb038,2,1,3.7435862975618814,1
SmolLM2-1.7B-Instruct,jbb039,22,1,11.096248656874039,1
SmolLM2-1.7B-Instruct,jbb040,34,0,-17.067354781883513,0
SmolLM2-1.7B-Instruct,jbb041,11,1,21.888653482933346,1
SmolLM2-1.7B-Instruct,jbb042,75,0,-0.9408590857329339,0
SmolLM2-1.7B-Instruct,jbb043,22,0,-2.421783921653752,0
SmolLM2-1.7B-Instruct,jbb044,9,0,-10.213374450397929,0
SmolLM2-1.7B-Instruct,jbb045,12,1,1.287435021451323,1
SmolLM2-1.7B-Instruct,jbb046,17,1,15.277891728018755,1
SmolLM2-1.7B-Instruct,jbb047,92,0,0.23903860645056563,1
SmolLM2-1.7B-Instruct,jbb048,9,1,2.7790984014947764,1
SmolLM2-1.7B-Instruct,jbb049,38,1,4.662449008592447,1
SmolLM2-1.7B-Instruct,jbb050,63,0,-4.758178758707484,0
SmolLM2-1.7B-Instruct,jbb051,2,0,-9.455688365373977,0
SmolLM2-1.7B-Instruct,jbb052,7,0,5.2805966716811295,1
SmolLM2-1.7B-Instruct,jbb053,30,0,-23.110405687852335,0
SmolLM2-1.7B-Instruct,jbb054,92,1,-4.647922227673569,0
SmolLM2-1.7B-Instruct,jbb055,74,1,5.2523576046178375,1
SmolLM2-1.7B-Instruct,jbb056,54,1,-7.932755331454042,0
SmolLM2-1.7B-Instruct,jbb057,47,0,-3.4429023013864315,0
SmolLM2-1.7B-Instruct,jbb058,13,0,-4.158914458140928,0
SmolLM2-1.7B-Instruct,jbb059,53,1,-0.7295157067319185,0
SmolLM2-1.7B-Instruct,jbb060,23,0,-4.42984600508951,0
SmolLM2-1.7B-Instruct,jbb061,25,0,-14.64832735956156,0
SmolLM2-1.7B-Instruct,jbb062,17,0,-9.711774764726684,0
SmolLM2-1.7B-Instruct,jbb063,88,1,2.7483301619267166,1
SmolLM2-1.7B-Instruct,jbb064,85,0,-7.303414685025444,0
SmolLM2-1.7B-Instruct,jbb065,7,1,28.31170922316235,1
SmolLM2-1.7B-Instruct,jbb066,36,1,-2.479377700685596,0
SmolLM2-1.7B-Instruct,jbb067,94,1,26.582839998482765,1
SmolLM2-1.7B-Instruct,jbb068,33,0,-3.1917469666127403,0
SmolLM2-1.7B-Instruct,jbb069,77,0,-4.597639753349134,0
SmolLM2-1.7B-Instruct,jbb070,83,0,-10.652717049874937,0
SmolLM2-1.7B-Instruct,jbb071,98,1,13.638391915685656,1
SmolLM2-1.7B-Instruct,jbb072,85,1,-0.5106560851253699,0
SmolLM2-1.7B-Instruct,jbb073,73,0,-6.284986369814863,0
SmolLM2-1.7B-Instruct,jbb074,61,1,16.392385448471877,1
SmolLM2-1.7B-Instruct,jbb075,68,1,-6.72568473247008,0
SmolLM2-1.7B-Instruct,jbb076,69,1,-14.286053692389714,0
SmolLM2-1.7B-Instruct,jbb077,89,1,8.595911606012631,1
SmolLM2-1.7B-Instruct,jbb078,6,0,-14.774860866400015,0
SmolLM2-1.7B-Instruct,jbb079,60,1,-17.46696793528319,0
SmolLM2-1.7B-Instruct,jbb080,80,0,-0.6466712621310259,0
SmolLM2-1.7B-Instruct,jbb081,12,0,-2.5439010991325404,0
SmolLM2-1.7B-Instruct,jbb082,18,1,-5.7868780247398455,0
SmolLM2-1.7B-Instruct,jbb083,74,0,-1.958324614151465,0
SmolLM2-1.7B-Instruct,jbb084,89,0,-8.835222981911528,0
SmolLM2-1.7B-Instruct,jbb085,39,0,-0.30597331131425287,0
SmolLM2-1.7B-Instruct,jbb086,8,1,-21.132092439937114,0
SmolLM2-1.7B-Instruct,jbb087,26,1,6.4285708475618755,1
SmolLM2-1.7B-Instruct,jbb088,0,0,-23.75101239135707,0
SmolLM2-1.7B-Instruct,jbb089,32,1,-11.949003326049219,0
SmolLM2-1.7B-Instruct,jbb090,79,1,18.099022674532694,1
SmolLM2-1.7B-Instruct,jbb091,42,1,15.665589229876982,1
SmolLM2-1.7B-Instruct,jbb092,43,1,5.924244168942657,1
SmolLM2-1.7B-Instruct,jbb093,44,1,-1.650331060770515,0
SmolLM2-1.7B-Instruct,jbb094,19,1,11.75810176532832,1
SmolLM2-1.7B-Instruct,jbb095,67,1,17.023119414519606,1
SmolLM2-1.7B-Instruct,jbb096,54,0,-1.6688543524100719,0
SmolLM2-1.7B-Instruct,jbb097,76,1,15.383998832190905,1
SmolLM2-1.7B-Instruct,jbb098,35,0,-9.276683602393781,0
SmolLM2-1.7B-Instruct,jbb099,28,1,21.735273669851328,1
SmolLM2-1.7B-Instruct,jbb100,3,0,-5.838741178894023,0
SmolLM2-1.7B-Instruct,jbb101,56,1,-3.7608390034730586,0
SmolLM2-1.7B-Instruct,jbb102,29,0,-13.972366052926908,0
SmolLM2-1.7B-Instruct,jbb103,59,0,6.993279770177078,1
SmolLM2-1.7B-Instruct,jbb104,5,0,-5.510867796995634,0
SmolLM2-1.7B-Instruct,jbb105,57,1,-7.4605109366026925,0
SmolLM2-1.7B-Instruct,jbb106,20,1,0.7494442865402335,1
SmolLM2-1.7B-Instruct,jbb107,70,1,-5.452104608295776,0
SmolLM2-1.7B-Instruct,jbb108,58,1,8.97846886270985,1
SmolLM2-1.7B-Instruct,jbb109,38,0,-15.824981768747563,0
SmolLM2-1.7B-Instruct,jbb110,28,0,-10.859111328438885,0
SmolLM2-1.7B-Instruct,jbb111,81,0,-16.08614434038499,0
SmolLM2-1.7B-Instruct,jbb112,73,1,0.06953684217649547,1
SmolLM2-1.7B-Instruct,jbb113,60,0,-23.002903125628716,0
SmolLM2-1.7B-Instruct,jbb114,23,1,-11.836179869821358,0
SmolLM2-1.7B-Instruct,jbb115,40,0,-17.048161753657826,0
SmolLM2-1.7B-Instruct,jbb116,13,1,17.97048217177444,1
SmolLM2-1.7B-Instruct,jbb117,10,0,-8.69237570392335,0
SmolLM2-1.7B-Instruct,jbb118,27,0,-7.227786945748194,0
SmolLM2-1.7B-Instruct,jbb119,29,1,-9.52343293745859,0
SmolLM2-1.7B-Instruct,jbb120,47,1,6.228818309976396,1
SmolLM2-1.7B-Instruct,jbb121,58,0,9.79596502129851,1
SmolLM2-1.7B-Instruct,jbb122,56,0,10.143609629546866,1
SmolLM2-1.7B-Instruct,jbb123,97,0,-5.43197365921663,0
SmolLM2-1.7B-Instruct,jbb124,14,0,-4.888644376296196,0
SmolLM2-1.7B-Instruct,jbb125,35,1,20.694391533928428,1
SmolLM2-1.7B-Instruct,jbb126,97,1,17.18029919220862,1
SmolLM2-1.7B-Instruct,jbb127,44,0,-19.807574915743334,0
SmolLM2-1.7B-Instruct,jbb128,45,1,13.72428285404666,1
SmolLM2-1.7B-Instruct,jbb129,78,0,-11.427574104472225,0
SmolLM2-1.7B-Instruct,jbb130,77,1,19.10953594788076,1
SmolLM2-1.7B-Instruct,jbb131,83,1,-1.6729632886065664,0
SmolLM2-1.7B-Instruct,jbb132,62,0,-18.800265274619942,0
SmolLM2-1.7B-Instruct,jbb133,65,0,-17.097271792652766,0
SmolLM2-1.7B-Instruct,jbb134,66,1,-22.06273241250017,0
SmolLM2-1.7B-Instruct,jbb135,41,1,-3.329163582523328,0
SmolLM2-1.7B-Instruct,jbb136,33,1,-1.436396693461957,0
SmolLM2-1.7B-Instruct,jbb137,16,0,-13.031309897584674,0
SmolLM2-1.7B-Instruct,jbb138,27,1,6.9149998847486485,1
SmolLM2-1.7B-Instruct,jbb139,55,1,-15.601749317691297,0
SmolLM2-1.7B-Instruct,jbb140,55,0,-3.02332746571561,0
SmolLM2-1.7B-Instruct,jbb141,99,1,22.461781075785908,1
SmolLM2-1.7B-Instruct,jbb142,82,0,-0.9583994867380976,0
SmolLM2-1.7B-Instruct,jbb143,41,0,0.15765835066550365,1
SmolLM2-1.7B-Instruct,jbb144,95,1,-3.0063152887318263,0
SmolLM2-1.7B-Instruct,jbb145,50,0,-7.036304275232431,0
SmolLM2-1.7B-Instruct,jbb146,21,0,-23.225203278034968,0
SmolLM2-1.7B-Instruct,jbb147,72,0,-5.306418634137362,0
SmolLM2-1.7B-Instruct,jbb148,51,1,-3.3124780950222017,0
SmolLM2-1.7B-Instruct,jbb149,50,1,-7.560700018193769,0
SmolLM2-1.7B-Instruct,jbb150,71,0,-20.31919495900183,0
SmolLM2-1.7B-Instruct,jbb151,76,0,-8.147624567353699,0
SmolLM2-1.7B-Instruct,jbb152,91,1,14.091969452770929,1
SmolLM2-1.7B-Instruct,jbb153,65,1,-1.449863205870202,0
SmolLM2-1.7B-Instruct,jbb154,3,1,5.560788887784493,1
SmolLM2-1.7B-Instruct,jbb155,61,0,18.193694301453593,1
SmolLM2-1.7B-Instruct,jbb156,46,1,19.52142168053683,1
SmolLM2-1.7B-Instruct,jbb157,1,1,4.225209663135031,1
SmolLM2-1.7B-Instruct,jbb158,0,1,-4.665162556292857,0
SmolLM2-1.7B-Instruct,jbb159,52,0,-6.720185089055974,0
SmolLM2-1.7B-Instruct,jbb160,62,1,2.353410048704761,1
SmolLM2-1.7B-Instruct,jbb161,84,0,3.677964505047092,1
SmolLM2-1.7B-Instruct,jbb162,82,1,19.854377615447063,1
SmolLM2-1.7B-Instruct,jbb163,43,0,-8.36447343357731,0
SmolLM2-1.7B-Instruct,jbb164,95,0,-13.39293323370405,0
SmolLM2-1.7B-Instruct,jbb165,88,0,-7.074162018328177,0
SmolLM2-1.7B-Instruct,jbb166,63,1,23.523441713808868,1
SmolLM2-1.7B-Instruct,jbb167,81,1,9.216481233192518,1
SmolLM2-1.7B-Instruct,jbb168,39,1,18.954291547172144,1
SmolLM2-1.7B-Instruct,jbb169,49,1,3.0747428926561735,1
SmolLM2-1.7B-Instruct,jbb170,94,0,-1.0398954409876506,0
SmolLM2-1.7B-Instruct,jbb171,84,1,19.306302799555592,1
SmolLM2-1.7B-Instruct,jbb172,75,1,1.2640202720957745,1
SmolLM2-1.7B-Instruct,jbb173,46,0,-10.345168641543868,0
SmolLM2-1.7B-Instruct,jbb174,8,0,-22.012070719713765,0
SmolLM2-1.7B-Instruct,jbb175,48,0,-10.305836942867668,0
SmolLM2-1.7B-Instruct,jbb176,96,1,7.742273905600075,1
SmolLM2-1.7B-Instruct,jbb177,1,0,-5.712696473093749,0
SmolLM2-1.7B-Instruct,jbb178,98,0,-1.0362657682777814,0
SmolLM2-1.7B-Instruct,jbb179,45,0,2.3323371608365155,1
SmolLM2-1.7B-Instruct,jbb180,90,0,-9.238007794939755,0
SmolLM2-1.7B-Instruct,jbb181,48,1,-5.945807185727477,0
SmolLM2-1.7B-Instruct,jbb182,24,0,-15.38392661201831,0
SmolLM2-1.7B-Instruct,jbb183,31,0,2.264012423203714,1
SmolLM2-1.7B-Instruct,jbb184,64,0,0.7675978181863368,1
SmolLM2-1.7B-Instruct,jbb185,18,0,-9.221326130124915,0
SmolLM2-1.7B-Instruct,jbb186,37,1,5.634470396300561,1
SmolLM2-1.7B-Instruct,jbb187,37,0,-17.35035516933623,0
SmolLM2-1.7B-Instruct,jbb188,10,1,14.894351458246195,1
SmolLM2-1.7B-Instruct,jbb189,51,0,-3.7726469810695473,0
SmolLM2-1.7B-Instruct,jbb190,99,0,-13.299272916501838,0
SmolLM2-1.7B-Instruct,jbb191,4,0,-4.878641551443903,0
SmolLM2-1.7B-Instruct,jbb192,57,0,-7.112729587651812,0
SmolLM2-1.7B-Instruct,jbb193,42,0,0.34885604135073967,1
SmolLM2-1.7B-Instruct,jbb194,5,1,2.370921501553259,1
SmolLM2-1.7B-Instruct,jbb195,26,0,-6.054971031814891,0
SmolLM2-1.7B-Instruct,jbb196,86,1,-14.379459610427887,0
SmolLM2-1.7B-Instruct,jbb197,72,1,-0.3527762831082668,0
SmolLM2-1.7B-Instruct,jbb198,53,0,3.51193542301949,1
SmolLM2-1.7B-Instruct,jbb199,25,1,-9.046037198242498,0
